{
    "rotation": {
        "x": 3.659999999999966,
        "y": 3.659999999999966,
        "z": 3.659999999999966
    }
}