{"rotation": {"x": 79.59000000000381, "y": 79.59000000000381, "z": 79.59000000000381}}